timestamp,player_price,opponent_price,tags,volatility_score,max_single_move,direction_flips,range_points,crossings_25,crossings_50,crossings_75,first_cross_50_pct
2026-03-17T06:00:00+00:00,74.0,27.0,2_sets|crossed_70|crossed_75|crossed_80|crossed_90|early_cross_50|ending_bucket_90_99|ending_price_0099|favorite|first_set_winner|highly_oscillating_shape|many_reversals|medium_range|medium_volatility|multi_crossed_80|no_tiebreaker|opponent_samuele_pieri|player_daniel_michalski|resolved_near_100|second_set_winner|set_1_no_tiebreaker|set_2_no_tiebreaker|small_single_move|starting_bucket_70_79|starting_price_0074|straight_sets|third_set_unknown|uptrend_finish|winner,1.0369,5.82,23,31.0,0,0,1,0.0
2026-03-17T08:04:00+00:00,74.0,30.0,2_sets|crossed_70|crossed_75|crossed_80|crossed_90|early_cross_50|ending_bucket_90_99|ending_price_0099|favorite|first_set_winner|highly_oscillating_shape|many_reversals|medium_range|medium_volatility|multi_crossed_80|no_tiebreaker|opponent_samuele_pieri|player_daniel_michalski|resolved_near_100|second_set_winner|set_1_no_tiebreaker|set_2_no_tiebreaker|small_single_move|starting_bucket_70_79|starting_price_0074|straight_sets|third_set_unknown|uptrend_finish|winner,1.0369,5.82,23,31.0,0,0,1,0.0
2026-03-17T08:27:00+00:00,74.0,31.0,2_sets|crossed_70|crossed_75|crossed_80|crossed_90|early_cross_50|ending_bucket_90_99|ending_price_0099|favorite|first_set_winner|highly_oscillating_shape|many_reversals|medium_range|medium_volatility|multi_crossed_80|no_tiebreaker|opponent_samuele_pieri|player_daniel_michalski|resolved_near_100|second_set_winner|set_1_no_tiebreaker|set_2_no_tiebreaker|small_single_move|starting_bucket_70_79|starting_price_0074|straight_sets|third_set_unknown|uptrend_finish|winner,1.0369,5.82,23,31.0,0,0,1,0.0
2026-03-17T08:48:00+00:00,74.0,32.0,2_sets|crossed_70|crossed_75|crossed_80|crossed_90|early_cross_50|ending_bucket_90_99|ending_price_0099|favorite|first_set_winner|highly_oscillating_shape|many_reversals|medium_range|medium_volatility|multi_crossed_80|no_tiebreaker|opponent_samuele_pieri|player_daniel_michalski|resolved_near_100|second_set_winner|set_1_no_tiebreaker|set_2_no_tiebreaker|small_single_move|starting_bucket_70_79|starting_price_0074|straight_sets|third_set_unknown|uptrend_finish|winner,1.0369,5.82,23,31.0,0,0,1,0.0
2026-03-17T09:01:00+00:00,74.0,30.0,2_sets|crossed_70|crossed_75|crossed_80|crossed_90|early_cross_50|ending_bucket_90_99|ending_price_0099|favorite|first_set_winner|highly_oscillating_shape|many_reversals|medium_range|medium_volatility|multi_crossed_80|no_tiebreaker|opponent_samuele_pieri|player_daniel_michalski|resolved_near_100|second_set_winner|set_1_no_tiebreaker|set_2_no_tiebreaker|small_single_move|starting_bucket_70_79|starting_price_0074|straight_sets|third_set_unknown|uptrend_finish|winner,1.0369,5.82,23,31.0,0,0,1,0.0
2026-03-17T10:55:00+00:00,70.0,30.0,2_sets|crossed_70|crossed_75|crossed_80|crossed_90|early_cross_50|ending_bucket_90_99|ending_price_0099|favorite|first_set_winner|highly_oscillating_shape|many_reversals|medium_range|medium_volatility|multi_crossed_80|no_tiebreaker|opponent_samuele_pieri|player_daniel_michalski|resolved_near_100|second_set_winner|set_1_no_tiebreaker|set_2_no_tiebreaker|small_single_move|starting_bucket_70_79|starting_price_0074|straight_sets|third_set_unknown|uptrend_finish|winner,1.0369,5.82,23,31.0,0,0,1,0.0
2026-03-17T11:54:00+00:00,70.0,31.0,2_sets|crossed_70|crossed_75|crossed_80|crossed_90|early_cross_50|ending_bucket_90_99|ending_price_0099|favorite|first_set_winner|highly_oscillating_shape|many_reversals|medium_range|medium_volatility|multi_crossed_80|no_tiebreaker|opponent_samuele_pieri|player_daniel_michalski|resolved_near_100|second_set_winner|set_1_no_tiebreaker|set_2_no_tiebreaker|small_single_move|starting_bucket_70_79|starting_price_0074|straight_sets|third_set_unknown|uptrend_finish|winner,1.0369,5.82,23,31.0,0,0,1,0.0
2026-03-17T11:55:00+00:00,70.0,34.0,2_sets|crossed_70|crossed_75|crossed_80|crossed_90|early_cross_50|ending_bucket_90_99|ending_price_0099|favorite|first_set_winner|highly_oscillating_shape|many_reversals|medium_range|medium_volatility|multi_crossed_80|no_tiebreaker|opponent_samuele_pieri|player_daniel_michalski|resolved_near_100|second_set_winner|set_1_no_tiebreaker|set_2_no_tiebreaker|small_single_move|starting_bucket_70_79|starting_price_0074|straight_sets|third_set_unknown|uptrend_finish|winner,1.0369,5.82,23,31.0,0,0,1,0.0
2026-03-17T12:52:00+00:00,69.0,34.0,2_sets|crossed_70|crossed_75|crossed_80|crossed_90|early_cross_50|ending_bucket_90_99|ending_price_0099|favorite|first_set_winner|highly_oscillating_shape|many_reversals|medium_range|medium_volatility|multi_crossed_80|no_tiebreaker|opponent_samuele_pieri|player_daniel_michalski|resolved_near_100|second_set_winner|set_1_no_tiebreaker|set_2_no_tiebreaker|small_single_move|starting_bucket_70_79|starting_price_0074|straight_sets|third_set_unknown|uptrend_finish|winner,1.0369,5.82,23,31.0,0,0,1,0.0
2026-03-17T12:53:00+00:00,69.0,34.0,2_sets|crossed_70|crossed_75|crossed_80|crossed_90|early_cross_50|ending_bucket_90_99|ending_price_0099|favorite|first_set_winner|highly_oscillating_shape|many_reversals|medium_range|medium_volatility|multi_crossed_80|no_tiebreaker|opponent_samuele_pieri|player_daniel_michalski|resolved_near_100|second_set_winner|set_1_no_tiebreaker|set_2_no_tiebreaker|small_single_move|starting_bucket_70_79|starting_price_0074|straight_sets|third_set_unknown|uptrend_finish|winner,1.0369,5.82,23,31.0,0,0,1,0.0
2026-03-17T13:24:00+00:00,69.0,34.0,2_sets|crossed_70|crossed_75|crossed_80|crossed_90|early_cross_50|ending_bucket_90_99|ending_price_0099|favorite|first_set_winner|highly_oscillating_shape|many_reversals|medium_range|medium_volatility|multi_crossed_80|no_tiebreaker|opponent_samuele_pieri|player_daniel_michalski|resolved_near_100|second_set_winner|set_1_no_tiebreaker|set_2_no_tiebreaker|small_single_move|starting_bucket_70_79|starting_price_0074|straight_sets|third_set_unknown|uptrend_finish|winner,1.0369,5.82,23,31.0,0,0,1,0.0
2026-03-17T13:28:00+00:00,69.0,34.0,2_sets|crossed_70|crossed_75|crossed_80|crossed_90|early_cross_50|ending_bucket_90_99|ending_price_0099|favorite|first_set_winner|highly_oscillating_shape|many_reversals|medium_range|medium_volatility|multi_crossed_80|no_tiebreaker|opponent_samuele_pieri|player_daniel_michalski|resolved_near_100|second_set_winner|set_1_no_tiebreaker|set_2_no_tiebreaker|small_single_move|starting_bucket_70_79|starting_price_0074|straight_sets|third_set_unknown|uptrend_finish|winner,1.0369,5.82,23,31.0,0,0,1,0.0
2026-03-17T13:29:00+00:00,69.0,34.0,2_sets|crossed_70|crossed_75|crossed_80|crossed_90|early_cross_50|ending_bucket_90_99|ending_price_0099|favorite|first_set_winner|highly_oscillating_shape|many_reversals|medium_range|medium_volatility|multi_crossed_80|no_tiebreaker|opponent_samuele_pieri|player_daniel_michalski|resolved_near_100|second_set_winner|set_1_no_tiebreaker|set_2_no_tiebreaker|small_single_move|starting_bucket_70_79|starting_price_0074|straight_sets|third_set_unknown|uptrend_finish|winner,1.0369,5.82,23,31.0,0,0,1,0.0
2026-03-17T13:41:00+00:00,69.0,31.0,2_sets|crossed_70|crossed_75|crossed_80|crossed_90|early_cross_50|ending_bucket_90_99|ending_price_0099|favorite|first_set_winner|highly_oscillating_shape|many_reversals|medium_range|medium_volatility|multi_crossed_80|no_tiebreaker|opponent_samuele_pieri|player_daniel_michalski|resolved_near_100|second_set_winner|set_1_no_tiebreaker|set_2_no_tiebreaker|small_single_move|starting_bucket_70_79|starting_price_0074|straight_sets|third_set_unknown|uptrend_finish|winner,1.0369,5.82,23,31.0,0,0,1,0.0
2026-03-17T13:47:00+00:00,69.0,31.0,2_sets|crossed_70|crossed_75|crossed_80|crossed_90|early_cross_50|ending_bucket_90_99|ending_price_0099|favorite|first_set_winner|highly_oscillating_shape|many_reversals|medium_range|medium_volatility|multi_crossed_80|no_tiebreaker|opponent_samuele_pieri|player_daniel_michalski|resolved_near_100|second_set_winner|set_1_no_tiebreaker|set_2_no_tiebreaker|small_single_move|starting_bucket_70_79|starting_price_0074|straight_sets|third_set_unknown|uptrend_finish|winner,1.0369,5.82,23,31.0,0,0,1,0.0
2026-03-17T13:52:00+00:00,69.0,33.75,2_sets|crossed_70|crossed_75|crossed_80|crossed_90|early_cross_50|ending_bucket_90_99|ending_price_0099|favorite|first_set_winner|highly_oscillating_shape|many_reversals|medium_range|medium_volatility|multi_crossed_80|no_tiebreaker|opponent_samuele_pieri|player_daniel_michalski|resolved_near_100|second_set_winner|set_1_no_tiebreaker|set_2_no_tiebreaker|small_single_move|starting_bucket_70_79|starting_price_0074|straight_sets|third_set_unknown|uptrend_finish|winner,1.0369,5.82,23,31.0,0,0,1,0.0
2026-03-17T13:55:00+00:00,69.0,34.0,2_sets|crossed_70|crossed_75|crossed_80|crossed_90|early_cross_50|ending_bucket_90_99|ending_price_0099|favorite|first_set_winner|highly_oscillating_shape|many_reversals|medium_range|medium_volatility|multi_crossed_80|no_tiebreaker|opponent_samuele_pieri|player_daniel_michalski|resolved_near_100|second_set_winner|set_1_no_tiebreaker|set_2_no_tiebreaker|small_single_move|starting_bucket_70_79|starting_price_0074|straight_sets|third_set_unknown|uptrend_finish|winner,1.0369,5.82,23,31.0,0,0,1,0.0
2026-03-17T13:58:00+00:00,69.0,34.0,2_sets|crossed_70|crossed_75|crossed_80|crossed_90|early_cross_50|ending_bucket_90_99|ending_price_0099|favorite|first_set_winner|highly_oscillating_shape|many_reversals|medium_range|medium_volatility|multi_crossed_80|no_tiebreaker|opponent_samuele_pieri|player_daniel_michalski|resolved_near_100|second_set_winner|set_1_no_tiebreaker|set_2_no_tiebreaker|small_single_move|starting_bucket_70_79|starting_price_0074|straight_sets|third_set_unknown|uptrend_finish|winner,1.0369,5.82,23,31.0,0,0,1,0.0
2026-03-17T14:06:00+00:00,69.0,34.0,2_sets|crossed_70|crossed_75|crossed_80|crossed_90|early_cross_50|ending_bucket_90_99|ending_price_0099|favorite|first_set_winner|highly_oscillating_shape|many_reversals|medium_range|medium_volatility|multi_crossed_80|no_tiebreaker|opponent_samuele_pieri|player_daniel_michalski|resolved_near_100|second_set_winner|set_1_no_tiebreaker|set_2_no_tiebreaker|small_single_move|starting_bucket_70_79|starting_price_0074|straight_sets|third_set_unknown|uptrend_finish|winner,1.0369,5.82,23,31.0,0,0,1,0.0
2026-03-17T14:11:00+00:00,69.0,34.0,2_sets|crossed_70|crossed_75|crossed_80|crossed_90|early_cross_50|ending_bucket_90_99|ending_price_0099|favorite|first_set_winner|highly_oscillating_shape|many_reversals|medium_range|medium_volatility|multi_crossed_80|no_tiebreaker|opponent_samuele_pieri|player_daniel_michalski|resolved_near_100|second_set_winner|set_1_no_tiebreaker|set_2_no_tiebreaker|small_single_move|starting_bucket_70_79|starting_price_0074|straight_sets|third_set_unknown|uptrend_finish|winner,1.0369,5.82,23,31.0,0,0,1,0.0
2026-03-17T14:13:00+00:00,68.0,34.0,2_sets|crossed_70|crossed_75|crossed_80|crossed_90|early_cross_50|ending_bucket_90_99|ending_price_0099|favorite|first_set_winner|highly_oscillating_shape|many_reversals|medium_range|medium_volatility|multi_crossed_80|no_tiebreaker|opponent_samuele_pieri|player_daniel_michalski|resolved_near_100|second_set_winner|set_1_no_tiebreaker|set_2_no_tiebreaker|small_single_move|starting_bucket_70_79|starting_price_0074|straight_sets|third_set_unknown|uptrend_finish|winner,1.0369,5.82,23,31.0,0,0,1,0.0
2026-03-17T14:14:00+00:00,68.0,35.0,2_sets|crossed_70|crossed_75|crossed_80|crossed_90|early_cross_50|ending_bucket_90_99|ending_price_0099|favorite|first_set_winner|highly_oscillating_shape|many_reversals|medium_range|medium_volatility|multi_crossed_80|no_tiebreaker|opponent_samuele_pieri|player_daniel_michalski|resolved_near_100|second_set_winner|set_1_no_tiebreaker|set_2_no_tiebreaker|small_single_move|starting_bucket_70_79|starting_price_0074|straight_sets|third_set_unknown|uptrend_finish|winner,1.0369,5.82,23,31.0,0,0,1,0.0
2026-03-17T14:15:00+00:00,68.0,35.0,2_sets|crossed_70|crossed_75|crossed_80|crossed_90|early_cross_50|ending_bucket_90_99|ending_price_0099|favorite|first_set_winner|highly_oscillating_shape|many_reversals|medium_range|medium_volatility|multi_crossed_80|no_tiebreaker|opponent_samuele_pieri|player_daniel_michalski|resolved_near_100|second_set_winner|set_1_no_tiebreaker|set_2_no_tiebreaker|small_single_move|starting_bucket_70_79|starting_price_0074|straight_sets|third_set_unknown|uptrend_finish|winner,1.0369,5.82,23,31.0,0,0,1,0.0
2026-03-17T14:16:00+00:00,68.99,35.0,2_sets|crossed_70|crossed_75|crossed_80|crossed_90|early_cross_50|ending_bucket_90_99|ending_price_0099|favorite|first_set_winner|highly_oscillating_shape|many_reversals|medium_range|medium_volatility|multi_crossed_80|no_tiebreaker|opponent_samuele_pieri|player_daniel_michalski|resolved_near_100|second_set_winner|set_1_no_tiebreaker|set_2_no_tiebreaker|small_single_move|starting_bucket_70_79|starting_price_0074|straight_sets|third_set_unknown|uptrend_finish|winner,1.0369,5.82,23,31.0,0,0,1,0.0
2026-03-17T14:17:00+00:00,69.0,35.0,2_sets|crossed_70|crossed_75|crossed_80|crossed_90|early_cross_50|ending_bucket_90_99|ending_price_0099|favorite|first_set_winner|highly_oscillating_shape|many_reversals|medium_range|medium_volatility|multi_crossed_80|no_tiebreaker|opponent_samuele_pieri|player_daniel_michalski|resolved_near_100|second_set_winner|set_1_no_tiebreaker|set_2_no_tiebreaker|small_single_move|starting_bucket_70_79|starting_price_0074|straight_sets|third_set_unknown|uptrend_finish|winner,1.0369,5.82,23,31.0,0,0,1,0.0
2026-03-17T14:18:00+00:00,69.0,35.0,2_sets|crossed_70|crossed_75|crossed_80|crossed_90|early_cross_50|ending_bucket_90_99|ending_price_0099|favorite|first_set_winner|highly_oscillating_shape|many_reversals|medium_range|medium_volatility|multi_crossed_80|no_tiebreaker|opponent_samuele_pieri|player_daniel_michalski|resolved_near_100|second_set_winner|set_1_no_tiebreaker|set_2_no_tiebreaker|small_single_move|starting_bucket_70_79|starting_price_0074|straight_sets|third_set_unknown|uptrend_finish|winner,1.0369,5.82,23,31.0,0,0,1,0.0
2026-03-17T14:19:00+00:00,69.09,32.08,2_sets|crossed_70|crossed_75|crossed_80|crossed_90|early_cross_50|ending_bucket_90_99|ending_price_0099|favorite|first_set_winner|highly_oscillating_shape|many_reversals|medium_range|medium_volatility|multi_crossed_80|no_tiebreaker|opponent_samuele_pieri|player_daniel_michalski|resolved_near_100|second_set_winner|set_1_no_tiebreaker|set_2_no_tiebreaker|small_single_move|starting_bucket_70_79|starting_price_0074|straight_sets|third_set_unknown|uptrend_finish|winner,1.0369,5.82,23,31.0,0,0,1,0.0
2026-03-17T14:20:00+00:00,71.64,32.0,2_sets|crossed_70|crossed_75|crossed_80|crossed_90|early_cross_50|ending_bucket_90_99|ending_price_0099|favorite|first_set_winner|highly_oscillating_shape|many_reversals|medium_range|medium_volatility|multi_crossed_80|no_tiebreaker|opponent_samuele_pieri|player_daniel_michalski|resolved_near_100|second_set_winner|set_1_no_tiebreaker|set_2_no_tiebreaker|small_single_move|starting_bucket_70_79|starting_price_0074|straight_sets|third_set_unknown|uptrend_finish|winner,1.0369,5.82,23,31.0,0,0,1,0.0
2026-03-17T14:21:00+00:00,70.87,32.0,2_sets|crossed_70|crossed_75|crossed_80|crossed_90|early_cross_50|ending_bucket_90_99|ending_price_0099|favorite|first_set_winner|highly_oscillating_shape|many_reversals|medium_range|medium_volatility|multi_crossed_80|no_tiebreaker|opponent_samuele_pieri|player_daniel_michalski|resolved_near_100|second_set_winner|set_1_no_tiebreaker|set_2_no_tiebreaker|small_single_move|starting_bucket_70_79|starting_price_0074|straight_sets|third_set_unknown|uptrend_finish|winner,1.0369,5.82,23,31.0,0,0,1,0.0
2026-03-17T14:22:00+00:00,71.57,32.0,2_sets|crossed_70|crossed_75|crossed_80|crossed_90|early_cross_50|ending_bucket_90_99|ending_price_0099|favorite|first_set_winner|highly_oscillating_shape|many_reversals|medium_range|medium_volatility|multi_crossed_80|no_tiebreaker|opponent_samuele_pieri|player_daniel_michalski|resolved_near_100|second_set_winner|set_1_no_tiebreaker|set_2_no_tiebreaker|small_single_move|starting_bucket_70_79|starting_price_0074|straight_sets|third_set_unknown|uptrend_finish|winner,1.0369,5.82,23,31.0,0,0,1,0.0
2026-03-17T14:23:00+00:00,70.14,32.41,2_sets|crossed_70|crossed_75|crossed_80|crossed_90|early_cross_50|ending_bucket_90_99|ending_price_0099|favorite|first_set_winner|highly_oscillating_shape|many_reversals|medium_range|medium_volatility|multi_crossed_80|no_tiebreaker|opponent_samuele_pieri|player_daniel_michalski|resolved_near_100|second_set_winner|set_1_no_tiebreaker|set_2_no_tiebreaker|small_single_move|starting_bucket_70_79|starting_price_0074|straight_sets|third_set_unknown|uptrend_finish|winner,1.0369,5.82,23,31.0,0,0,1,0.0
2026-03-17T14:24:00+00:00,70.19,31.11,2_sets|crossed_70|crossed_75|crossed_80|crossed_90|early_cross_50|ending_bucket_90_99|ending_price_0099|favorite|first_set_winner|highly_oscillating_shape|many_reversals|medium_range|medium_volatility|multi_crossed_80|no_tiebreaker|opponent_samuele_pieri|player_daniel_michalski|resolved_near_100|second_set_winner|set_1_no_tiebreaker|set_2_no_tiebreaker|small_single_move|starting_bucket_70_79|starting_price_0074|straight_sets|third_set_unknown|uptrend_finish|winner,1.0369,5.82,23,31.0,0,0,1,0.0
2026-03-17T14:25:00+00:00,71.39,29.04,2_sets|crossed_70|crossed_75|crossed_80|crossed_90|early_cross_50|ending_bucket_90_99|ending_price_0099|favorite|first_set_winner|highly_oscillating_shape|many_reversals|medium_range|medium_volatility|multi_crossed_80|no_tiebreaker|opponent_samuele_pieri|player_daniel_michalski|resolved_near_100|second_set_winner|set_1_no_tiebreaker|set_2_no_tiebreaker|small_single_move|starting_bucket_70_79|starting_price_0074|straight_sets|third_set_unknown|uptrend_finish|winner,1.0369,5.82,23,31.0,0,0,1,0.0
2026-03-17T14:26:00+00:00,75.15,27.62,2_sets|crossed_70|crossed_75|crossed_80|crossed_90|early_cross_50|ending_bucket_90_99|ending_price_0099|favorite|first_set_winner|highly_oscillating_shape|many_reversals|medium_range|medium_volatility|multi_crossed_80|no_tiebreaker|opponent_samuele_pieri|player_daniel_michalski|resolved_near_100|second_set_winner|set_1_no_tiebreaker|set_2_no_tiebreaker|small_single_move|starting_bucket_70_79|starting_price_0074|straight_sets|third_set_unknown|uptrend_finish|winner,1.0369,5.82,23,31.0,0,0,1,0.0
2026-03-17T14:27:00+00:00,80.73,27.62,2_sets|crossed_70|crossed_75|crossed_80|crossed_90|early_cross_50|ending_bucket_90_99|ending_price_0099|favorite|first_set_winner|highly_oscillating_shape|many_reversals|medium_range|medium_volatility|multi_crossed_80|no_tiebreaker|opponent_samuele_pieri|player_daniel_michalski|resolved_near_100|second_set_winner|set_1_no_tiebreaker|set_2_no_tiebreaker|small_single_move|starting_bucket_70_79|starting_price_0074|straight_sets|third_set_unknown|uptrend_finish|winner,1.0369,5.82,23,31.0,0,0,1,0.0
2026-03-17T14:28:00+00:00,80.2,21.09,2_sets|crossed_70|crossed_75|crossed_80|crossed_90|early_cross_50|ending_bucket_90_99|ending_price_0099|favorite|first_set_winner|highly_oscillating_shape|many_reversals|medium_range|medium_volatility|multi_crossed_80|no_tiebreaker|opponent_samuele_pieri|player_daniel_michalski|resolved_near_100|second_set_winner|set_1_no_tiebreaker|set_2_no_tiebreaker|small_single_move|starting_bucket_70_79|starting_price_0074|straight_sets|third_set_unknown|uptrend_finish|winner,1.0369,5.82,23,31.0,0,0,1,0.0
2026-03-17T14:29:00+00:00,78.88,23.98,2_sets|crossed_70|crossed_75|crossed_80|crossed_90|early_cross_50|ending_bucket_90_99|ending_price_0099|favorite|first_set_winner|highly_oscillating_shape|many_reversals|medium_range|medium_volatility|multi_crossed_80|no_tiebreaker|opponent_samuele_pieri|player_daniel_michalski|resolved_near_100|second_set_winner|set_1_no_tiebreaker|set_2_no_tiebreaker|small_single_move|starting_bucket_70_79|starting_price_0074|straight_sets|third_set_unknown|uptrend_finish|winner,1.0369,5.82,23,31.0,0,0,1,0.0
2026-03-17T14:30:00+00:00,82.83,21.0,2_sets|crossed_70|crossed_75|crossed_80|crossed_90|early_cross_50|ending_bucket_90_99|ending_price_0099|favorite|first_set_winner|highly_oscillating_shape|many_reversals|medium_range|medium_volatility|multi_crossed_80|no_tiebreaker|opponent_samuele_pieri|player_daniel_michalski|resolved_near_100|second_set_winner|set_1_no_tiebreaker|set_2_no_tiebreaker|small_single_move|starting_bucket_70_79|starting_price_0074|straight_sets|third_set_unknown|uptrend_finish|winner,1.0369,5.82,23,31.0,0,0,1,0.0
2026-03-17T14:31:00+00:00,84.34,18.57,2_sets|crossed_70|crossed_75|crossed_80|crossed_90|early_cross_50|ending_bucket_90_99|ending_price_0099|favorite|first_set_winner|highly_oscillating_shape|many_reversals|medium_range|medium_volatility|multi_crossed_80|no_tiebreaker|opponent_samuele_pieri|player_daniel_michalski|resolved_near_100|second_set_winner|set_1_no_tiebreaker|set_2_no_tiebreaker|small_single_move|starting_bucket_70_79|starting_price_0074|straight_sets|third_set_unknown|uptrend_finish|winner,1.0369,5.82,23,31.0,0,0,1,0.0
2026-03-17T14:32:00+00:00,84.34,15.15,2_sets|crossed_70|crossed_75|crossed_80|crossed_90|early_cross_50|ending_bucket_90_99|ending_price_0099|favorite|first_set_winner|highly_oscillating_shape|many_reversals|medium_range|medium_volatility|multi_crossed_80|no_tiebreaker|opponent_samuele_pieri|player_daniel_michalski|resolved_near_100|second_set_winner|set_1_no_tiebreaker|set_2_no_tiebreaker|small_single_move|starting_bucket_70_79|starting_price_0074|straight_sets|third_set_unknown|uptrend_finish|winner,1.0369,5.82,23,31.0,0,0,1,0.0
2026-03-17T14:33:00+00:00,85.09,15.42,2_sets|crossed_70|crossed_75|crossed_80|crossed_90|early_cross_50|ending_bucket_90_99|ending_price_0099|favorite|first_set_winner|highly_oscillating_shape|many_reversals|medium_range|medium_volatility|multi_crossed_80|no_tiebreaker|opponent_samuele_pieri|player_daniel_michalski|resolved_near_100|second_set_winner|set_1_no_tiebreaker|set_2_no_tiebreaker|small_single_move|starting_bucket_70_79|starting_price_0074|straight_sets|third_set_unknown|uptrend_finish|winner,1.0369,5.82,23,31.0,0,0,1,0.0
2026-03-17T14:34:00+00:00,87.6,10.92,2_sets|crossed_70|crossed_75|crossed_80|crossed_90|early_cross_50|ending_bucket_90_99|ending_price_0099|favorite|first_set_winner|highly_oscillating_shape|many_reversals|medium_range|medium_volatility|multi_crossed_80|no_tiebreaker|opponent_samuele_pieri|player_daniel_michalski|resolved_near_100|second_set_winner|set_1_no_tiebreaker|set_2_no_tiebreaker|small_single_move|starting_bucket_70_79|starting_price_0074|straight_sets|third_set_unknown|uptrend_finish|winner,1.0369,5.82,23,31.0,0,0,1,0.0
2026-03-17T14:35:00+00:00,88.15,13.46,2_sets|crossed_70|crossed_75|crossed_80|crossed_90|early_cross_50|ending_bucket_90_99|ending_price_0099|favorite|first_set_winner|highly_oscillating_shape|many_reversals|medium_range|medium_volatility|multi_crossed_80|no_tiebreaker|opponent_samuele_pieri|player_daniel_michalski|resolved_near_100|second_set_winner|set_1_no_tiebreaker|set_2_no_tiebreaker|small_single_move|starting_bucket_70_79|starting_price_0074|straight_sets|third_set_unknown|uptrend_finish|winner,1.0369,5.82,23,31.0,0,0,1,0.0
2026-03-17T14:36:00+00:00,87.87,14.0,2_sets|crossed_70|crossed_75|crossed_80|crossed_90|early_cross_50|ending_bucket_90_99|ending_price_0099|favorite|first_set_winner|highly_oscillating_shape|many_reversals|medium_range|medium_volatility|multi_crossed_80|no_tiebreaker|opponent_samuele_pieri|player_daniel_michalski|resolved_near_100|second_set_winner|set_1_no_tiebreaker|set_2_no_tiebreaker|small_single_move|starting_bucket_70_79|starting_price_0074|straight_sets|third_set_unknown|uptrend_finish|winner,1.0369,5.82,23,31.0,0,0,1,0.0
2026-03-17T14:37:00+00:00,86.0,15.0,2_sets|crossed_70|crossed_75|crossed_80|crossed_90|early_cross_50|ending_bucket_90_99|ending_price_0099|favorite|first_set_winner|highly_oscillating_shape|many_reversals|medium_range|medium_volatility|multi_crossed_80|no_tiebreaker|opponent_samuele_pieri|player_daniel_michalski|resolved_near_100|second_set_winner|set_1_no_tiebreaker|set_2_no_tiebreaker|small_single_move|starting_bucket_70_79|starting_price_0074|straight_sets|third_set_unknown|uptrend_finish|winner,1.0369,5.82,23,31.0,0,0,1,0.0
2026-03-17T14:38:00+00:00,86.56,13.0,2_sets|crossed_70|crossed_75|crossed_80|crossed_90|early_cross_50|ending_bucket_90_99|ending_price_0099|favorite|first_set_winner|highly_oscillating_shape|many_reversals|medium_range|medium_volatility|multi_crossed_80|no_tiebreaker|opponent_samuele_pieri|player_daniel_michalski|resolved_near_100|second_set_winner|set_1_no_tiebreaker|set_2_no_tiebreaker|small_single_move|starting_bucket_70_79|starting_price_0074|straight_sets|third_set_unknown|uptrend_finish|winner,1.0369,5.82,23,31.0,0,0,1,0.0
2026-03-17T14:39:00+00:00,89.28,11.43,2_sets|crossed_70|crossed_75|crossed_80|crossed_90|early_cross_50|ending_bucket_90_99|ending_price_0099|favorite|first_set_winner|highly_oscillating_shape|many_reversals|medium_range|medium_volatility|multi_crossed_80|no_tiebreaker|opponent_samuele_pieri|player_daniel_michalski|resolved_near_100|second_set_winner|set_1_no_tiebreaker|set_2_no_tiebreaker|small_single_move|starting_bucket_70_79|starting_price_0074|straight_sets|third_set_unknown|uptrend_finish|winner,1.0369,5.82,23,31.0,0,0,1,0.0
2026-03-17T14:40:00+00:00,88.92,10.97,2_sets|crossed_70|crossed_75|crossed_80|crossed_90|early_cross_50|ending_bucket_90_99|ending_price_0099|favorite|first_set_winner|highly_oscillating_shape|many_reversals|medium_range|medium_volatility|multi_crossed_80|no_tiebreaker|opponent_samuele_pieri|player_daniel_michalski|resolved_near_100|second_set_winner|set_1_no_tiebreaker|set_2_no_tiebreaker|small_single_move|starting_bucket_70_79|starting_price_0074|straight_sets|third_set_unknown|uptrend_finish|winner,1.0369,5.82,23,31.0,0,0,1,0.0
2026-03-17T14:41:00+00:00,87.85,14.0,2_sets|crossed_70|crossed_75|crossed_80|crossed_90|early_cross_50|ending_bucket_90_99|ending_price_0099|favorite|first_set_winner|highly_oscillating_shape|many_reversals|medium_range|medium_volatility|multi_crossed_80|no_tiebreaker|opponent_samuele_pieri|player_daniel_michalski|resolved_near_100|second_set_winner|set_1_no_tiebreaker|set_2_no_tiebreaker|small_single_move|starting_bucket_70_79|starting_price_0074|straight_sets|third_set_unknown|uptrend_finish|winner,1.0369,5.82,23,31.0,0,0,1,0.0
2026-03-17T14:42:00+00:00,84.0,16.4,2_sets|crossed_70|crossed_75|crossed_80|crossed_90|early_cross_50|ending_bucket_90_99|ending_price_0099|favorite|first_set_winner|highly_oscillating_shape|many_reversals|medium_range|medium_volatility|multi_crossed_80|no_tiebreaker|opponent_samuele_pieri|player_daniel_michalski|resolved_near_100|second_set_winner|set_1_no_tiebreaker|set_2_no_tiebreaker|small_single_move|starting_bucket_70_79|starting_price_0074|straight_sets|third_set_unknown|uptrend_finish|winner,1.0369,5.82,23,31.0,0,0,1,0.0
2026-03-17T14:43:00+00:00,84.17,17.16,2_sets|crossed_70|crossed_75|crossed_80|crossed_90|early_cross_50|ending_bucket_90_99|ending_price_0099|favorite|first_set_winner|highly_oscillating_shape|many_reversals|medium_range|medium_volatility|multi_crossed_80|no_tiebreaker|opponent_samuele_pieri|player_daniel_michalski|resolved_near_100|second_set_winner|set_1_no_tiebreaker|set_2_no_tiebreaker|small_single_move|starting_bucket_70_79|starting_price_0074|straight_sets|third_set_unknown|uptrend_finish|winner,1.0369,5.82,23,31.0,0,0,1,0.0
2026-03-17T14:44:00+00:00,87.0,15.17,2_sets|crossed_70|crossed_75|crossed_80|crossed_90|early_cross_50|ending_bucket_90_99|ending_price_0099|favorite|first_set_winner|highly_oscillating_shape|many_reversals|medium_range|medium_volatility|multi_crossed_80|no_tiebreaker|opponent_samuele_pieri|player_daniel_michalski|resolved_near_100|second_set_winner|set_1_no_tiebreaker|set_2_no_tiebreaker|small_single_move|starting_bucket_70_79|starting_price_0074|straight_sets|third_set_unknown|uptrend_finish|winner,1.0369,5.82,23,31.0,0,0,1,0.0
2026-03-17T14:45:00+00:00,87.68,15.17,2_sets|crossed_70|crossed_75|crossed_80|crossed_90|early_cross_50|ending_bucket_90_99|ending_price_0099|favorite|first_set_winner|highly_oscillating_shape|many_reversals|medium_range|medium_volatility|multi_crossed_80|no_tiebreaker|opponent_samuele_pieri|player_daniel_michalski|resolved_near_100|second_set_winner|set_1_no_tiebreaker|set_2_no_tiebreaker|small_single_move|starting_bucket_70_79|starting_price_0074|straight_sets|third_set_unknown|uptrend_finish|winner,1.0369,5.82,23,31.0,0,0,1,0.0
2026-03-17T14:46:00+00:00,89.0,10.4,2_sets|crossed_70|crossed_75|crossed_80|crossed_90|early_cross_50|ending_bucket_90_99|ending_price_0099|favorite|first_set_winner|highly_oscillating_shape|many_reversals|medium_range|medium_volatility|multi_crossed_80|no_tiebreaker|opponent_samuele_pieri|player_daniel_michalski|resolved_near_100|second_set_winner|set_1_no_tiebreaker|set_2_no_tiebreaker|small_single_move|starting_bucket_70_79|starting_price_0074|straight_sets|third_set_unknown|uptrend_finish|winner,1.0369,5.82,23,31.0,0,0,1,0.0
2026-03-17T14:47:00+00:00,89.2,11.75,2_sets|crossed_70|crossed_75|crossed_80|crossed_90|early_cross_50|ending_bucket_90_99|ending_price_0099|favorite|first_set_winner|highly_oscillating_shape|many_reversals|medium_range|medium_volatility|multi_crossed_80|no_tiebreaker|opponent_samuele_pieri|player_daniel_michalski|resolved_near_100|second_set_winner|set_1_no_tiebreaker|set_2_no_tiebreaker|small_single_move|starting_bucket_70_79|starting_price_0074|straight_sets|third_set_unknown|uptrend_finish|winner,1.0369,5.82,23,31.0,0,0,1,0.0
2026-03-17T14:48:00+00:00,89.1,12.0,2_sets|crossed_70|crossed_75|crossed_80|crossed_90|early_cross_50|ending_bucket_90_99|ending_price_0099|favorite|first_set_winner|highly_oscillating_shape|many_reversals|medium_range|medium_volatility|multi_crossed_80|no_tiebreaker|opponent_samuele_pieri|player_daniel_michalski|resolved_near_100|second_set_winner|set_1_no_tiebreaker|set_2_no_tiebreaker|small_single_move|starting_bucket_70_79|starting_price_0074|straight_sets|third_set_unknown|uptrend_finish|winner,1.0369,5.82,23,31.0,0,0,1,0.0
2026-03-17T14:49:00+00:00,87.86,13.0,2_sets|crossed_70|crossed_75|crossed_80|crossed_90|early_cross_50|ending_bucket_90_99|ending_price_0099|favorite|first_set_winner|highly_oscillating_shape|many_reversals|medium_range|medium_volatility|multi_crossed_80|no_tiebreaker|opponent_samuele_pieri|player_daniel_michalski|resolved_near_100|second_set_winner|set_1_no_tiebreaker|set_2_no_tiebreaker|small_single_move|starting_bucket_70_79|starting_price_0074|straight_sets|third_set_unknown|uptrend_finish|winner,1.0369,5.82,23,31.0,0,0,1,0.0
2026-03-17T14:50:00+00:00,87.49,12.2,2_sets|crossed_70|crossed_75|crossed_80|crossed_90|early_cross_50|ending_bucket_90_99|ending_price_0099|favorite|first_set_winner|highly_oscillating_shape|many_reversals|medium_range|medium_volatility|multi_crossed_80|no_tiebreaker|opponent_samuele_pieri|player_daniel_michalski|resolved_near_100|second_set_winner|set_1_no_tiebreaker|set_2_no_tiebreaker|small_single_move|starting_bucket_70_79|starting_price_0074|straight_sets|third_set_unknown|uptrend_finish|winner,1.0369,5.82,23,31.0,0,0,1,0.0
2026-03-17T14:51:00+00:00,88.0,12.08,2_sets|crossed_70|crossed_75|crossed_80|crossed_90|early_cross_50|ending_bucket_90_99|ending_price_0099|favorite|first_set_winner|highly_oscillating_shape|many_reversals|medium_range|medium_volatility|multi_crossed_80|no_tiebreaker|opponent_samuele_pieri|player_daniel_michalski|resolved_near_100|second_set_winner|set_1_no_tiebreaker|set_2_no_tiebreaker|small_single_move|starting_bucket_70_79|starting_price_0074|straight_sets|third_set_unknown|uptrend_finish|winner,1.0369,5.82,23,31.0,0,0,1,0.0
2026-03-17T14:52:00+00:00,87.99,18.0,2_sets|crossed_70|crossed_75|crossed_80|crossed_90|early_cross_50|ending_bucket_90_99|ending_price_0099|favorite|first_set_winner|highly_oscillating_shape|many_reversals|medium_range|medium_volatility|multi_crossed_80|no_tiebreaker|opponent_samuele_pieri|player_daniel_michalski|resolved_near_100|second_set_winner|set_1_no_tiebreaker|set_2_no_tiebreaker|small_single_move|starting_bucket_70_79|starting_price_0074|straight_sets|third_set_unknown|uptrend_finish|winner,1.0369,5.82,23,31.0,0,0,1,0.0
2026-03-17T14:53:00+00:00,86.0,14.88,2_sets|crossed_70|crossed_75|crossed_80|crossed_90|early_cross_50|ending_bucket_90_99|ending_price_0099|favorite|first_set_winner|highly_oscillating_shape|many_reversals|medium_range|medium_volatility|multi_crossed_80|no_tiebreaker|opponent_samuele_pieri|player_daniel_michalski|resolved_near_100|second_set_winner|set_1_no_tiebreaker|set_2_no_tiebreaker|small_single_move|starting_bucket_70_79|starting_price_0074|straight_sets|third_set_unknown|uptrend_finish|winner,1.0369,5.82,23,31.0,0,0,1,0.0
2026-03-17T14:54:00+00:00,85.0,15.0,2_sets|crossed_70|crossed_75|crossed_80|crossed_90|early_cross_50|ending_bucket_90_99|ending_price_0099|favorite|first_set_winner|highly_oscillating_shape|many_reversals|medium_range|medium_volatility|multi_crossed_80|no_tiebreaker|opponent_samuele_pieri|player_daniel_michalski|resolved_near_100|second_set_winner|set_1_no_tiebreaker|set_2_no_tiebreaker|small_single_move|starting_bucket_70_79|starting_price_0074|straight_sets|third_set_unknown|uptrend_finish|winner,1.0369,5.82,23,31.0,0,0,1,0.0
2026-03-17T14:55:00+00:00,86.7,15.61,2_sets|crossed_70|crossed_75|crossed_80|crossed_90|early_cross_50|ending_bucket_90_99|ending_price_0099|favorite|first_set_winner|highly_oscillating_shape|many_reversals|medium_range|medium_volatility|multi_crossed_80|no_tiebreaker|opponent_samuele_pieri|player_daniel_michalski|resolved_near_100|second_set_winner|set_1_no_tiebreaker|set_2_no_tiebreaker|small_single_move|starting_bucket_70_79|starting_price_0074|straight_sets|third_set_unknown|uptrend_finish|winner,1.0369,5.82,23,31.0,0,0,1,0.0
2026-03-17T14:56:00+00:00,85.0,17.0,2_sets|crossed_70|crossed_75|crossed_80|crossed_90|early_cross_50|ending_bucket_90_99|ending_price_0099|favorite|first_set_winner|highly_oscillating_shape|many_reversals|medium_range|medium_volatility|multi_crossed_80|no_tiebreaker|opponent_samuele_pieri|player_daniel_michalski|resolved_near_100|second_set_winner|set_1_no_tiebreaker|set_2_no_tiebreaker|small_single_move|starting_bucket_70_79|starting_price_0074|straight_sets|third_set_unknown|uptrend_finish|winner,1.0369,5.82,23,31.0,0,0,1,0.0
2026-03-17T14:57:00+00:00,85.0,16.54,2_sets|crossed_70|crossed_75|crossed_80|crossed_90|early_cross_50|ending_bucket_90_99|ending_price_0099|favorite|first_set_winner|highly_oscillating_shape|many_reversals|medium_range|medium_volatility|multi_crossed_80|no_tiebreaker|opponent_samuele_pieri|player_daniel_michalski|resolved_near_100|second_set_winner|set_1_no_tiebreaker|set_2_no_tiebreaker|small_single_move|starting_bucket_70_79|starting_price_0074|straight_sets|third_set_unknown|uptrend_finish|winner,1.0369,5.82,23,31.0,0,0,1,0.0
2026-03-17T14:58:00+00:00,85.0,17.0,2_sets|crossed_70|crossed_75|crossed_80|crossed_90|early_cross_50|ending_bucket_90_99|ending_price_0099|favorite|first_set_winner|highly_oscillating_shape|many_reversals|medium_range|medium_volatility|multi_crossed_80|no_tiebreaker|opponent_samuele_pieri|player_daniel_michalski|resolved_near_100|second_set_winner|set_1_no_tiebreaker|set_2_no_tiebreaker|small_single_move|starting_bucket_70_79|starting_price_0074|straight_sets|third_set_unknown|uptrend_finish|winner,1.0369,5.82,23,31.0,0,0,1,0.0
2026-03-17T14:59:00+00:00,83.11,20.62,2_sets|crossed_70|crossed_75|crossed_80|crossed_90|early_cross_50|ending_bucket_90_99|ending_price_0099|favorite|first_set_winner|highly_oscillating_shape|many_reversals|medium_range|medium_volatility|multi_crossed_80|no_tiebreaker|opponent_samuele_pieri|player_daniel_michalski|resolved_near_100|second_set_winner|set_1_no_tiebreaker|set_2_no_tiebreaker|small_single_move|starting_bucket_70_79|starting_price_0074|straight_sets|third_set_unknown|uptrend_finish|winner,1.0369,5.82,23,31.0,0,0,1,0.0
2026-03-17T15:00:00+00:00,84.73,20.33,2_sets|crossed_70|crossed_75|crossed_80|crossed_90|early_cross_50|ending_bucket_90_99|ending_price_0099|favorite|first_set_winner|highly_oscillating_shape|many_reversals|medium_range|medium_volatility|multi_crossed_80|no_tiebreaker|opponent_samuele_pieri|player_daniel_michalski|resolved_near_100|second_set_winner|set_1_no_tiebreaker|set_2_no_tiebreaker|small_single_move|starting_bucket_70_79|starting_price_0074|straight_sets|third_set_unknown|uptrend_finish|winner,1.0369,5.82,23,31.0,0,0,1,0.0
2026-03-17T15:01:00+00:00,86.29,14.24,2_sets|crossed_70|crossed_75|crossed_80|crossed_90|early_cross_50|ending_bucket_90_99|ending_price_0099|favorite|first_set_winner|highly_oscillating_shape|many_reversals|medium_range|medium_volatility|multi_crossed_80|no_tiebreaker|opponent_samuele_pieri|player_daniel_michalski|resolved_near_100|second_set_winner|set_1_no_tiebreaker|set_2_no_tiebreaker|small_single_move|starting_bucket_70_79|starting_price_0074|straight_sets|third_set_unknown|uptrend_finish|winner,1.0369,5.82,23,31.0,0,0,1,0.0
2026-03-17T15:02:00+00:00,86.0,15.0,2_sets|crossed_70|crossed_75|crossed_80|crossed_90|early_cross_50|ending_bucket_90_99|ending_price_0099|favorite|first_set_winner|highly_oscillating_shape|many_reversals|medium_range|medium_volatility|multi_crossed_80|no_tiebreaker|opponent_samuele_pieri|player_daniel_michalski|resolved_near_100|second_set_winner|set_1_no_tiebreaker|set_2_no_tiebreaker|small_single_move|starting_bucket_70_79|starting_price_0074|straight_sets|third_set_unknown|uptrend_finish|winner,1.0369,5.82,23,31.0,0,0,1,0.0
2026-03-17T15:03:00+00:00,85.0,17.13,2_sets|crossed_70|crossed_75|crossed_80|crossed_90|early_cross_50|ending_bucket_90_99|ending_price_0099|favorite|first_set_winner|highly_oscillating_shape|many_reversals|medium_range|medium_volatility|multi_crossed_80|no_tiebreaker|opponent_samuele_pieri|player_daniel_michalski|resolved_near_100|second_set_winner|set_1_no_tiebreaker|set_2_no_tiebreaker|small_single_move|starting_bucket_70_79|starting_price_0074|straight_sets|third_set_unknown|uptrend_finish|winner,1.0369,5.82,23,31.0,0,0,1,0.0
2026-03-17T15:04:00+00:00,84.23,17.0,2_sets|crossed_70|crossed_75|crossed_80|crossed_90|early_cross_50|ending_bucket_90_99|ending_price_0099|favorite|first_set_winner|highly_oscillating_shape|many_reversals|medium_range|medium_volatility|multi_crossed_80|no_tiebreaker|opponent_samuele_pieri|player_daniel_michalski|resolved_near_100|second_set_winner|set_1_no_tiebreaker|set_2_no_tiebreaker|small_single_move|starting_bucket_70_79|starting_price_0074|straight_sets|third_set_unknown|uptrend_finish|winner,1.0369,5.82,23,31.0,0,0,1,0.0
2026-03-17T15:05:00+00:00,85.0,17.0,2_sets|crossed_70|crossed_75|crossed_80|crossed_90|early_cross_50|ending_bucket_90_99|ending_price_0099|favorite|first_set_winner|highly_oscillating_shape|many_reversals|medium_range|medium_volatility|multi_crossed_80|no_tiebreaker|opponent_samuele_pieri|player_daniel_michalski|resolved_near_100|second_set_winner|set_1_no_tiebreaker|set_2_no_tiebreaker|small_single_move|starting_bucket_70_79|starting_price_0074|straight_sets|third_set_unknown|uptrend_finish|winner,1.0369,5.82,23,31.0,0,0,1,0.0
2026-03-17T15:06:00+00:00,81.38,15.25,2_sets|crossed_70|crossed_75|crossed_80|crossed_90|early_cross_50|ending_bucket_90_99|ending_price_0099|favorite|first_set_winner|highly_oscillating_shape|many_reversals|medium_range|medium_volatility|multi_crossed_80|no_tiebreaker|opponent_samuele_pieri|player_daniel_michalski|resolved_near_100|second_set_winner|set_1_no_tiebreaker|set_2_no_tiebreaker|small_single_move|starting_bucket_70_79|starting_price_0074|straight_sets|third_set_unknown|uptrend_finish|winner,1.0369,5.82,23,31.0,0,0,1,0.0
2026-03-17T15:07:00+00:00,84.06,17.0,2_sets|crossed_70|crossed_75|crossed_80|crossed_90|early_cross_50|ending_bucket_90_99|ending_price_0099|favorite|first_set_winner|highly_oscillating_shape|many_reversals|medium_range|medium_volatility|multi_crossed_80|no_tiebreaker|opponent_samuele_pieri|player_daniel_michalski|resolved_near_100|second_set_winner|set_1_no_tiebreaker|set_2_no_tiebreaker|small_single_move|starting_bucket_70_79|starting_price_0074|straight_sets|third_set_unknown|uptrend_finish|winner,1.0369,5.82,23,31.0,0,0,1,0.0
2026-03-17T15:08:00+00:00,85.0,17.91,2_sets|crossed_70|crossed_75|crossed_80|crossed_90|early_cross_50|ending_bucket_90_99|ending_price_0099|favorite|first_set_winner|highly_oscillating_shape|many_reversals|medium_range|medium_volatility|multi_crossed_80|no_tiebreaker|opponent_samuele_pieri|player_daniel_michalski|resolved_near_100|second_set_winner|set_1_no_tiebreaker|set_2_no_tiebreaker|small_single_move|starting_bucket_70_79|starting_price_0074|straight_sets|third_set_unknown|uptrend_finish|winner,1.0369,5.82,23,31.0,0,0,1,0.0
2026-03-17T15:09:00+00:00,84.32,15.65,2_sets|crossed_70|crossed_75|crossed_80|crossed_90|early_cross_50|ending_bucket_90_99|ending_price_0099|favorite|first_set_winner|highly_oscillating_shape|many_reversals|medium_range|medium_volatility|multi_crossed_80|no_tiebreaker|opponent_samuele_pieri|player_daniel_michalski|resolved_near_100|second_set_winner|set_1_no_tiebreaker|set_2_no_tiebreaker|small_single_move|starting_bucket_70_79|starting_price_0074|straight_sets|third_set_unknown|uptrend_finish|winner,1.0369,5.82,23,31.0,0,0,1,0.0
2026-03-17T15:10:00+00:00,85.01,15.72,2_sets|crossed_70|crossed_75|crossed_80|crossed_90|early_cross_50|ending_bucket_90_99|ending_price_0099|favorite|first_set_winner|highly_oscillating_shape|many_reversals|medium_range|medium_volatility|multi_crossed_80|no_tiebreaker|opponent_samuele_pieri|player_daniel_michalski|resolved_near_100|second_set_winner|set_1_no_tiebreaker|set_2_no_tiebreaker|small_single_move|starting_bucket_70_79|starting_price_0074|straight_sets|third_set_unknown|uptrend_finish|winner,1.0369,5.82,23,31.0,0,0,1,0.0
2026-03-17T15:11:00+00:00,85.0,15.22,2_sets|crossed_70|crossed_75|crossed_80|crossed_90|early_cross_50|ending_bucket_90_99|ending_price_0099|favorite|first_set_winner|highly_oscillating_shape|many_reversals|medium_range|medium_volatility|multi_crossed_80|no_tiebreaker|opponent_samuele_pieri|player_daniel_michalski|resolved_near_100|second_set_winner|set_1_no_tiebreaker|set_2_no_tiebreaker|small_single_move|starting_bucket_70_79|starting_price_0074|straight_sets|third_set_unknown|uptrend_finish|winner,1.0369,5.82,23,31.0,0,0,1,0.0
2026-03-17T15:12:00+00:00,86.01,14.17,2_sets|crossed_70|crossed_75|crossed_80|crossed_90|early_cross_50|ending_bucket_90_99|ending_price_0099|favorite|first_set_winner|highly_oscillating_shape|many_reversals|medium_range|medium_volatility|multi_crossed_80|no_tiebreaker|opponent_samuele_pieri|player_daniel_michalski|resolved_near_100|second_set_winner|set_1_no_tiebreaker|set_2_no_tiebreaker|small_single_move|starting_bucket_70_79|starting_price_0074|straight_sets|third_set_unknown|uptrend_finish|winner,1.0369,5.82,23,31.0,0,0,1,0.0
2026-03-17T15:13:00+00:00,87.99,12.61,2_sets|crossed_70|crossed_75|crossed_80|crossed_90|early_cross_50|ending_bucket_90_99|ending_price_0099|favorite|first_set_winner|highly_oscillating_shape|many_reversals|medium_range|medium_volatility|multi_crossed_80|no_tiebreaker|opponent_samuele_pieri|player_daniel_michalski|resolved_near_100|second_set_winner|set_1_no_tiebreaker|set_2_no_tiebreaker|small_single_move|starting_bucket_70_79|starting_price_0074|straight_sets|third_set_unknown|uptrend_finish|winner,1.0369,5.82,23,31.0,0,0,1,0.0
2026-03-17T15:14:00+00:00,88.0,15.0,2_sets|crossed_70|crossed_75|crossed_80|crossed_90|early_cross_50|ending_bucket_90_99|ending_price_0099|favorite|first_set_winner|highly_oscillating_shape|many_reversals|medium_range|medium_volatility|multi_crossed_80|no_tiebreaker|opponent_samuele_pieri|player_daniel_michalski|resolved_near_100|second_set_winner|set_1_no_tiebreaker|set_2_no_tiebreaker|small_single_move|starting_bucket_70_79|starting_price_0074|straight_sets|third_set_unknown|uptrend_finish|winner,1.0369,5.82,23,31.0,0,0,1,0.0
2026-03-17T15:15:00+00:00,89.65,10.4,2_sets|crossed_70|crossed_75|crossed_80|crossed_90|early_cross_50|ending_bucket_90_99|ending_price_0099|favorite|first_set_winner|highly_oscillating_shape|many_reversals|medium_range|medium_volatility|multi_crossed_80|no_tiebreaker|opponent_samuele_pieri|player_daniel_michalski|resolved_near_100|second_set_winner|set_1_no_tiebreaker|set_2_no_tiebreaker|small_single_move|starting_bucket_70_79|starting_price_0074|straight_sets|third_set_unknown|uptrend_finish|winner,1.0369,5.82,23,31.0,0,0,1,0.0
2026-03-17T15:16:00+00:00,91.84,8.79,2_sets|crossed_70|crossed_75|crossed_80|crossed_90|early_cross_50|ending_bucket_90_99|ending_price_0099|favorite|first_set_winner|highly_oscillating_shape|many_reversals|medium_range|medium_volatility|multi_crossed_80|no_tiebreaker|opponent_samuele_pieri|player_daniel_michalski|resolved_near_100|second_set_winner|set_1_no_tiebreaker|set_2_no_tiebreaker|small_single_move|starting_bucket_70_79|starting_price_0074|straight_sets|third_set_unknown|uptrend_finish|winner,1.0369,5.82,23,31.0,0,0,1,0.0
2026-03-17T15:17:00+00:00,91.99,9.32,2_sets|crossed_70|crossed_75|crossed_80|crossed_90|early_cross_50|ending_bucket_90_99|ending_price_0099|favorite|first_set_winner|highly_oscillating_shape|many_reversals|medium_range|medium_volatility|multi_crossed_80|no_tiebreaker|opponent_samuele_pieri|player_daniel_michalski|resolved_near_100|second_set_winner|set_1_no_tiebreaker|set_2_no_tiebreaker|small_single_move|starting_bucket_70_79|starting_price_0074|straight_sets|third_set_unknown|uptrend_finish|winner,1.0369,5.82,23,31.0,0,0,1,0.0
2026-03-17T15:18:00+00:00,90.98,9.64,2_sets|crossed_70|crossed_75|crossed_80|crossed_90|early_cross_50|ending_bucket_90_99|ending_price_0099|favorite|first_set_winner|highly_oscillating_shape|many_reversals|medium_range|medium_volatility|multi_crossed_80|no_tiebreaker|opponent_samuele_pieri|player_daniel_michalski|resolved_near_100|second_set_winner|set_1_no_tiebreaker|set_2_no_tiebreaker|small_single_move|starting_bucket_70_79|starting_price_0074|straight_sets|third_set_unknown|uptrend_finish|winner,1.0369,5.82,23,31.0,0,0,1,0.0
2026-03-17T15:19:00+00:00,92.26,8.92,2_sets|crossed_70|crossed_75|crossed_80|crossed_90|early_cross_50|ending_bucket_90_99|ending_price_0099|favorite|first_set_winner|highly_oscillating_shape|many_reversals|medium_range|medium_volatility|multi_crossed_80|no_tiebreaker|opponent_samuele_pieri|player_daniel_michalski|resolved_near_100|second_set_winner|set_1_no_tiebreaker|set_2_no_tiebreaker|small_single_move|starting_bucket_70_79|starting_price_0074|straight_sets|third_set_unknown|uptrend_finish|winner,1.0369,5.82,23,31.0,0,0,1,0.0
2026-03-17T15:20:00+00:00,90.22,9.64,2_sets|crossed_70|crossed_75|crossed_80|crossed_90|early_cross_50|ending_bucket_90_99|ending_price_0099|favorite|first_set_winner|highly_oscillating_shape|many_reversals|medium_range|medium_volatility|multi_crossed_80|no_tiebreaker|opponent_samuele_pieri|player_daniel_michalski|resolved_near_100|second_set_winner|set_1_no_tiebreaker|set_2_no_tiebreaker|small_single_move|starting_bucket_70_79|starting_price_0074|straight_sets|third_set_unknown|uptrend_finish|winner,1.0369,5.82,23,31.0,0,0,1,0.0
2026-03-17T15:21:00+00:00,90.89,9.11,2_sets|crossed_70|crossed_75|crossed_80|crossed_90|early_cross_50|ending_bucket_90_99|ending_price_0099|favorite|first_set_winner|highly_oscillating_shape|many_reversals|medium_range|medium_volatility|multi_crossed_80|no_tiebreaker|opponent_samuele_pieri|player_daniel_michalski|resolved_near_100|second_set_winner|set_1_no_tiebreaker|set_2_no_tiebreaker|small_single_move|starting_bucket_70_79|starting_price_0074|straight_sets|third_set_unknown|uptrend_finish|winner,1.0369,5.82,23,31.0,0,0,1,0.0
2026-03-17T15:22:00+00:00,93.21,8.77,2_sets|crossed_70|crossed_75|crossed_80|crossed_90|early_cross_50|ending_bucket_90_99|ending_price_0099|favorite|first_set_winner|highly_oscillating_shape|many_reversals|medium_range|medium_volatility|multi_crossed_80|no_tiebreaker|opponent_samuele_pieri|player_daniel_michalski|resolved_near_100|second_set_winner|set_1_no_tiebreaker|set_2_no_tiebreaker|small_single_move|starting_bucket_70_79|starting_price_0074|straight_sets|third_set_unknown|uptrend_finish|winner,1.0369,5.82,23,31.0,0,0,1,0.0
2026-03-17T15:23:00+00:00,94.94,5.45,2_sets|crossed_70|crossed_75|crossed_80|crossed_90|early_cross_50|ending_bucket_90_99|ending_price_0099|favorite|first_set_winner|highly_oscillating_shape|many_reversals|medium_range|medium_volatility|multi_crossed_80|no_tiebreaker|opponent_samuele_pieri|player_daniel_michalski|resolved_near_100|second_set_winner|set_1_no_tiebreaker|set_2_no_tiebreaker|small_single_move|starting_bucket_70_79|starting_price_0074|straight_sets|third_set_unknown|uptrend_finish|winner,1.0369,5.82,23,31.0,0,0,1,0.0
2026-03-17T15:24:00+00:00,93.78,5.28,2_sets|crossed_70|crossed_75|crossed_80|crossed_90|early_cross_50|ending_bucket_90_99|ending_price_0099|favorite|first_set_winner|highly_oscillating_shape|many_reversals|medium_range|medium_volatility|multi_crossed_80|no_tiebreaker|opponent_samuele_pieri|player_daniel_michalski|resolved_near_100|second_set_winner|set_1_no_tiebreaker|set_2_no_tiebreaker|small_single_move|starting_bucket_70_79|starting_price_0074|straight_sets|third_set_unknown|uptrend_finish|winner,1.0369,5.82,23,31.0,0,0,1,0.0
2026-03-17T15:25:00+00:00,95.99,5.0,2_sets|crossed_70|crossed_75|crossed_80|crossed_90|early_cross_50|ending_bucket_90_99|ending_price_0099|favorite|first_set_winner|highly_oscillating_shape|many_reversals|medium_range|medium_volatility|multi_crossed_80|no_tiebreaker|opponent_samuele_pieri|player_daniel_michalski|resolved_near_100|second_set_winner|set_1_no_tiebreaker|set_2_no_tiebreaker|small_single_move|starting_bucket_70_79|starting_price_0074|straight_sets|third_set_unknown|uptrend_finish|winner,1.0369,5.82,23,31.0,0,0,1,0.0
2026-03-17T15:26:00+00:00,96.0,4.26,2_sets|crossed_70|crossed_75|crossed_80|crossed_90|early_cross_50|ending_bucket_90_99|ending_price_0099|favorite|first_set_winner|highly_oscillating_shape|many_reversals|medium_range|medium_volatility|multi_crossed_80|no_tiebreaker|opponent_samuele_pieri|player_daniel_michalski|resolved_near_100|second_set_winner|set_1_no_tiebreaker|set_2_no_tiebreaker|small_single_move|starting_bucket_70_79|starting_price_0074|straight_sets|third_set_unknown|uptrend_finish|winner,1.0369,5.82,23,31.0,0,0,1,0.0
2026-03-17T15:27:00+00:00,96.86,4.98,2_sets|crossed_70|crossed_75|crossed_80|crossed_90|early_cross_50|ending_bucket_90_99|ending_price_0099|favorite|first_set_winner|highly_oscillating_shape|many_reversals|medium_range|medium_volatility|multi_crossed_80|no_tiebreaker|opponent_samuele_pieri|player_daniel_michalski|resolved_near_100|second_set_winner|set_1_no_tiebreaker|set_2_no_tiebreaker|small_single_move|starting_bucket_70_79|starting_price_0074|straight_sets|third_set_unknown|uptrend_finish|winner,1.0369,5.82,23,31.0,0,0,1,0.0
2026-03-17T15:28:00+00:00,97.53,2.03,2_sets|crossed_70|crossed_75|crossed_80|crossed_90|early_cross_50|ending_bucket_90_99|ending_price_0099|favorite|first_set_winner|highly_oscillating_shape|many_reversals|medium_range|medium_volatility|multi_crossed_80|no_tiebreaker|opponent_samuele_pieri|player_daniel_michalski|resolved_near_100|second_set_winner|set_1_no_tiebreaker|set_2_no_tiebreaker|small_single_move|starting_bucket_70_79|starting_price_0074|straight_sets|third_set_unknown|uptrend_finish|winner,1.0369,5.82,23,31.0,0,0,1,0.0
2026-03-17T15:29:00+00:00,97.91,2.12,2_sets|crossed_70|crossed_75|crossed_80|crossed_90|early_cross_50|ending_bucket_90_99|ending_price_0099|favorite|first_set_winner|highly_oscillating_shape|many_reversals|medium_range|medium_volatility|multi_crossed_80|no_tiebreaker|opponent_samuele_pieri|player_daniel_michalski|resolved_near_100|second_set_winner|set_1_no_tiebreaker|set_2_no_tiebreaker|small_single_move|starting_bucket_70_79|starting_price_0074|straight_sets|third_set_unknown|uptrend_finish|winner,1.0369,5.82,23,31.0,0,0,1,0.0
2026-03-17T15:30:00+00:00,99.0,2.0,2_sets|crossed_70|crossed_75|crossed_80|crossed_90|early_cross_50|ending_bucket_90_99|ending_price_0099|favorite|first_set_winner|highly_oscillating_shape|many_reversals|medium_range|medium_volatility|multi_crossed_80|no_tiebreaker|opponent_samuele_pieri|player_daniel_michalski|resolved_near_100|second_set_winner|set_1_no_tiebreaker|set_2_no_tiebreaker|small_single_move|starting_bucket_70_79|starting_price_0074|straight_sets|third_set_unknown|uptrend_finish|winner,1.0369,5.82,23,31.0,0,0,1,0.0
2026-03-17T15:31:00+00:00,98.49,2.0,2_sets|crossed_70|crossed_75|crossed_80|crossed_90|early_cross_50|ending_bucket_90_99|ending_price_0099|favorite|first_set_winner|highly_oscillating_shape|many_reversals|medium_range|medium_volatility|multi_crossed_80|no_tiebreaker|opponent_samuele_pieri|player_daniel_michalski|resolved_near_100|second_set_winner|set_1_no_tiebreaker|set_2_no_tiebreaker|small_single_move|starting_bucket_70_79|starting_price_0074|straight_sets|third_set_unknown|uptrend_finish|winner,1.0369,5.82,23,31.0,0,0,1,0.0
2026-03-17T15:32:00+00:00,98.94,1.73,2_sets|crossed_70|crossed_75|crossed_80|crossed_90|early_cross_50|ending_bucket_90_99|ending_price_0099|favorite|first_set_winner|highly_oscillating_shape|many_reversals|medium_range|medium_volatility|multi_crossed_80|no_tiebreaker|opponent_samuele_pieri|player_daniel_michalski|resolved_near_100|second_set_winner|set_1_no_tiebreaker|set_2_no_tiebreaker|small_single_move|starting_bucket_70_79|starting_price_0074|straight_sets|third_set_unknown|uptrend_finish|winner,1.0369,5.82,23,31.0,0,0,1,0.0
2026-03-17T15:33:00+00:00,98.33,2.0,2_sets|crossed_70|crossed_75|crossed_80|crossed_90|early_cross_50|ending_bucket_90_99|ending_price_0099|favorite|first_set_winner|highly_oscillating_shape|many_reversals|medium_range|medium_volatility|multi_crossed_80|no_tiebreaker|opponent_samuele_pieri|player_daniel_michalski|resolved_near_100|second_set_winner|set_1_no_tiebreaker|set_2_no_tiebreaker|small_single_move|starting_bucket_70_79|starting_price_0074|straight_sets|third_set_unknown|uptrend_finish|winner,1.0369,5.82,23,31.0,0,0,1,0.0
2026-03-17T15:34:00+00:00,98.16,2.06,2_sets|crossed_70|crossed_75|crossed_80|crossed_90|early_cross_50|ending_bucket_90_99|ending_price_0099|favorite|first_set_winner|highly_oscillating_shape|many_reversals|medium_range|medium_volatility|multi_crossed_80|no_tiebreaker|opponent_samuele_pieri|player_daniel_michalski|resolved_near_100|second_set_winner|set_1_no_tiebreaker|set_2_no_tiebreaker|small_single_move|starting_bucket_70_79|starting_price_0074|straight_sets|third_set_unknown|uptrend_finish|winner,1.0369,5.82,23,31.0,0,0,1,0.0
2026-03-17T15:35:00+00:00,99.0,1.52,2_sets|crossed_70|crossed_75|crossed_80|crossed_90|early_cross_50|ending_bucket_90_99|ending_price_0099|favorite|first_set_winner|highly_oscillating_shape|many_reversals|medium_range|medium_volatility|multi_crossed_80|no_tiebreaker|opponent_samuele_pieri|player_daniel_michalski|resolved_near_100|second_set_winner|set_1_no_tiebreaker|set_2_no_tiebreaker|small_single_move|starting_bucket_70_79|starting_price_0074|straight_sets|third_set_unknown|uptrend_finish|winner,1.0369,5.82,23,31.0,0,0,1,0.0
2026-03-17T15:36:00+00:00,97.82,2.29,2_sets|crossed_70|crossed_75|crossed_80|crossed_90|early_cross_50|ending_bucket_90_99|ending_price_0099|favorite|first_set_winner|highly_oscillating_shape|many_reversals|medium_range|medium_volatility|multi_crossed_80|no_tiebreaker|opponent_samuele_pieri|player_daniel_michalski|resolved_near_100|second_set_winner|set_1_no_tiebreaker|set_2_no_tiebreaker|small_single_move|starting_bucket_70_79|starting_price_0074|straight_sets|third_set_unknown|uptrend_finish|winner,1.0369,5.82,23,31.0,0,0,1,0.0
2026-03-17T15:37:00+00:00,97.51,3.0,2_sets|crossed_70|crossed_75|crossed_80|crossed_90|early_cross_50|ending_bucket_90_99|ending_price_0099|favorite|first_set_winner|highly_oscillating_shape|many_reversals|medium_range|medium_volatility|multi_crossed_80|no_tiebreaker|opponent_samuele_pieri|player_daniel_michalski|resolved_near_100|second_set_winner|set_1_no_tiebreaker|set_2_no_tiebreaker|small_single_move|starting_bucket_70_79|starting_price_0074|straight_sets|third_set_unknown|uptrend_finish|winner,1.0369,5.82,23,31.0,0,0,1,0.0
2026-03-17T15:38:00+00:00,97.57,2.0,2_sets|crossed_70|crossed_75|crossed_80|crossed_90|early_cross_50|ending_bucket_90_99|ending_price_0099|favorite|first_set_winner|highly_oscillating_shape|many_reversals|medium_range|medium_volatility|multi_crossed_80|no_tiebreaker|opponent_samuele_pieri|player_daniel_michalski|resolved_near_100|second_set_winner|set_1_no_tiebreaker|set_2_no_tiebreaker|small_single_move|starting_bucket_70_79|starting_price_0074|straight_sets|third_set_unknown|uptrend_finish|winner,1.0369,5.82,23,31.0,0,0,1,0.0
2026-03-17T15:39:00+00:00,92.18,4.0,2_sets|crossed_70|crossed_75|crossed_80|crossed_90|early_cross_50|ending_bucket_90_99|ending_price_0099|favorite|first_set_winner|highly_oscillating_shape|many_reversals|medium_range|medium_volatility|multi_crossed_80|no_tiebreaker|opponent_samuele_pieri|player_daniel_michalski|resolved_near_100|second_set_winner|set_1_no_tiebreaker|set_2_no_tiebreaker|small_single_move|starting_bucket_70_79|starting_price_0074|straight_sets|third_set_unknown|uptrend_finish|winner,1.0369,5.82,23,31.0,0,0,1,0.0
2026-03-17T15:40:00+00:00,98.0,3.0,2_sets|crossed_70|crossed_75|crossed_80|crossed_90|early_cross_50|ending_bucket_90_99|ending_price_0099|favorite|first_set_winner|highly_oscillating_shape|many_reversals|medium_range|medium_volatility|multi_crossed_80|no_tiebreaker|opponent_samuele_pieri|player_daniel_michalski|resolved_near_100|second_set_winner|set_1_no_tiebreaker|set_2_no_tiebreaker|small_single_move|starting_bucket_70_79|starting_price_0074|straight_sets|third_set_unknown|uptrend_finish|winner,1.0369,5.82,23,31.0,0,0,1,0.0
2026-03-17T15:41:00+00:00,98.22,1.96,2_sets|crossed_70|crossed_75|crossed_80|crossed_90|early_cross_50|ending_bucket_90_99|ending_price_0099|favorite|first_set_winner|highly_oscillating_shape|many_reversals|medium_range|medium_volatility|multi_crossed_80|no_tiebreaker|opponent_samuele_pieri|player_daniel_michalski|resolved_near_100|second_set_winner|set_1_no_tiebreaker|set_2_no_tiebreaker|small_single_move|starting_bucket_70_79|starting_price_0074|straight_sets|third_set_unknown|uptrend_finish|winner,1.0369,5.82,23,31.0,0,0,1,0.0
2026-03-17T15:42:00+00:00,98.99,1.3,2_sets|crossed_70|crossed_75|crossed_80|crossed_90|early_cross_50|ending_bucket_90_99|ending_price_0099|favorite|first_set_winner|highly_oscillating_shape|many_reversals|medium_range|medium_volatility|multi_crossed_80|no_tiebreaker|opponent_samuele_pieri|player_daniel_michalski|resolved_near_100|second_set_winner|set_1_no_tiebreaker|set_2_no_tiebreaker|small_single_move|starting_bucket_70_79|starting_price_0074|straight_sets|third_set_unknown|uptrend_finish|winner,1.0369,5.82,23,31.0,0,0,1,0.0
2026-03-17T15:43:00+00:00,99.0,1.0,2_sets|crossed_70|crossed_75|crossed_80|crossed_90|early_cross_50|ending_bucket_90_99|ending_price_0099|favorite|first_set_winner|highly_oscillating_shape|many_reversals|medium_range|medium_volatility|multi_crossed_80|no_tiebreaker|opponent_samuele_pieri|player_daniel_michalski|resolved_near_100|second_set_winner|set_1_no_tiebreaker|set_2_no_tiebreaker|small_single_move|starting_bucket_70_79|starting_price_0074|straight_sets|third_set_unknown|uptrend_finish|winner,1.0369,5.82,23,31.0,0,0,1,0.0
